"Suburb","Total_Number","BYO_Only","Ordinary_Trading_Hours","Gambling_Allowed","Lattitude","Longitude"
"ABBOTSFORD",87,2,32,1,-37.8,145
"ABERFELDIE",2,0,0,0,-37.76,144.9
"ACHERON",4,0,0,0,-37.25,145.7
"AIREYS INLET",11,1,3,0,-38.46,144.11
"AIRPORT WEST",15,0,10,1,-37.71,144.89
"ALBERT PARK",74,4,33,1,-37.84,144.96
"ALBERTON",2,0,0,0,-38.61,146.67
"ALBERTON WEST",2,0,0,0,-38.61,146.67
"ALBION",7,0,2,0,-37.78,144.82
"ALEXANDRA",15,0,1,0,-37.25,145.7
"ALFREDTON",9,0,5,0,-37.56,143.82
"ALLANS FLAT",2,0,0,0,-36.28,146.91
"ALLANSFORD",6,0,2,0,-38.39,142.59
"ALPHINGTON",21,0,5,0,-37.78,145.03
"ALTONA",49,1,24,3,-37.87,144.83
"ALTONA EAST",1,0,0,0,-37.84,144.86
"ALTONA MEADOWS",9,0,4,0,-37.87,144.78
"ALTONA NORTH",25,1,11,1,-37.84,144.86
"ALVIE",4,0,0,0,-38.24,143.48
"AMHERST",1,0,0,0,-37.15,143.67
"ANAKIE",6,0,2,0,-37.9,144.25
"ANDERSON",1,0,0,0,-38.53,145.45
"ANGLERS REST",1,0,1,0,-37.02,147.47
"ANGLESEA",26,3,7,1,-38.41,144.19
"APOLLO BAY",35,0,21,0,-38.75,143.67
"APSLEY",2,0,0,0,-36.97,141.08
"ARARAT",45,6,9,2,-37.28,142.93
"ARCHIES CREEK",1,0,1,0,-38.53,145.45
"ARDEER",7,0,3,0,-37.78,144.8
"ARDMONA",2,0,0,0,-36.38,145.3
"ARMADALE",53,0,27,0,-37.86,145.02
"ARMSTRONG",4,0,0,0,-37.28,142.93
"ARNOLD",1,0,0,0,-36.69,143.87
"ARTHURS CREEK",1,0,0,0,-37.59,145.22
"ARTHURS SEAT",5,0,3,0,-38.35,144.95
"ASCOT VALE",59,2,24,0,-37.78,144.92
"ASHBURTON",22,4,11,0,-37.86,145.08
"ASHWOOD",13,3,3,0,-37.86,145.08
"ASPENDALE",12,0,4,0,-38.03,145.1
"ASPENDALE GARDENS",3,0,2,0,-38.03,145.1
"ATHLONE",1,0,0,0,-38.24,145.78
"ATTWOOD",1,0,1,0,-37.67,144.89
"AUBURN",4,0,1,0,-37.83,145.04
"AVALON",1,0,0,0,-38.02,144.41
"AVENEL",13,0,3,0,-36.89,145.23
"AVOCA",16,0,1,0,-37.09,143.47
"AVONDALE HEIGHTS",13,2,6,0,-37.74,144.82
"AVONMORE",1,0,0,0,-36.53,144.6
"AVONSLEIGH",3,0,1,0,-37.92,145.47
"AXEDALE",5,0,0,0,-36.69,143.87
"BACCHUS MARSH",35,2,13,3,-37.68,144.44
"BADDAGINNIE",1,0,0,0,-36.59,145.86
"BADGER CREEK",2,0,0,0,-37.69,145.54
"BAGSHOT",1,0,0,0,-36.69,143.87
"BAILIESTON",1,0,0,0,-36.7,145.03
"BAIRNSDALE",55,1,22,6,-37.83,147.63
"BAKERY HILL",2,0,1,0,-37.56,143.82
"BALACLAVA",38,0,19,1,-37.87,145
"BALLAN",12,1,1,0,-37.6,144.23
"BALLARAT",191,6,64,12,-37.56,143.82
"BALLARAT CENTRAL",22,0,20,0,-37.56,143.82
"BALLARAT EAST",3,0,2,0,-37.56,143.82
"BALMORAL",5,0,2,0,-37.25,141.84
"BALNARRING",31,3,10,0,-38.37,145.13
"BALOOK",1,0,0,0,-38.61,146.67
"BALWYN",43,10,25,0,-37.81,145.08
"BALWYN EAST",1,1,0,0,-37.81,145.08
"BALWYN NORTH",45,9,18,0,-37.79,145.07
"BAMAWM",2,0,0,0,-36.3,144.67
"BAMBRA",2,0,0,0,-38.37,143.95
"BANGHOLME",6,0,1,0,-38.03,145.18
"BANNOCKBURN",16,0,4,0,-38.05,144.17
"BARANDUDA",3,0,2,0,-36.28,146.91
"BARFOLD",2,0,0,0,-37.09,144.51
"BARINGHUP",3,0,1,0,-36.98,143.95
"BARJARG",1,0,1,0,-36.89,146.26
"BARKERS CREEK",2,0,0,0,-37.03,144.24
"BARKLY",1,0,0,0,-36.98,143.2
"BARMAH",1,0,1,0,-36.02,144.97
"BARNAWARTHA",6,0,1,0,-36.11,146.67
"BARNAWARTHA NORTH",1,0,0,0,-36.28,146.91
"BAROMI",1,0,0,0,-38.29,146.05
"BARONGAROOK",4,0,1,0,-38.24,143.48
"BARRABOOL",2,0,1,0,-37.9,144.25
"BARWITE",2,0,0,0,-37.01,146.22
"BARWON HEADS",25,1,9,1,-38.28,144.49
"BASS",2,0,0,0,-38.48,145.47
"BATESFORD",3,0,0,0,-37.9,144.25
"BAXTER",12,0,3,1,-38.2,145.16
"BAYINDEEN",3,0,0,0,-37.43,143.13
"BAYLES",2,0,1,0,-38.18,145.57
"BAYSWATER",42,4,21,2,-37.84,145.27
"BAYSWATER NORTH",4,0,2,0,-37.84,145.27
"BEACONSFIELD",28,0,15,1,-38.05,145.37
"BEACONSFIELD UPPER",8,0,1,0,-38,145.41
"BEALIBA",1,0,1,0,-36.83,143.5
"BEARII",1,0,0,0,-35.92,145.33
"BEAUFORT",12,0,5,0,-37.43,143.38
"BEAUMARIS",44,2,27,0,-37.99,145.03
"BEEAC",2,0,1,0,-38.19,143.64
"BEECH FOREST",2,0,1,0,-38.69,143.56
"BEECHWORTH",57,0,17,0,-36.36,146.69
"BELGRAVE",30,5,13,0,-37.91,145.36
"BELGRAVE SOUTH",5,0,3,0,-37.91,145.36
"BELL PARK",7,0,4,0,-38.11,144.33
"BELL POST HILL",3,0,1,0,-38.11,144.33
"BELLARINE",9,0,3,0,-37.9,144.25
"BELLBRAE",4,0,3,0,-38.33,144.26
"BELLFIELD",1,0,0,0,-37.75,145.05
"BELMONT",45,3,19,1,-38.18,144.34
"BEMM RIVER",1,0,0,0,-37.93,145.91
"BENALLA",48,2,15,3,-36.39,145.42
"BENAMBRA",3,0,1,0,-36.95,147.7
"BENDIGO",193,6,61,7,-36.76,144.28
"BENDOC",1,0,1,0,-37.15,148.88
"BENTLEIGH",55,5,35,1,-37.92,145.04
"BENTLEIGH EAST",55,6,25,2,-37.93,145.06
"BERRIWILLOCK",3,0,1,0,-35.64,142.99
"BERRYS CREEK",1,0,0,0,-38.41,146.07
"BERWICK",65,3,32,1,-38.03,145.34
"BETHANGA",5,0,1,0,-36.28,146.91
"BEULAH",4,0,0,0,-35.94,142.42
"BEVERFORD",2,0,0,0,-35.24,143.48
"BEVERIDGE",3,0,1,0,-37.47,145
"BINGINWARRI",1,0,0,0,-38.58,146.45
"BIRCHIP",8,0,2,0,-35.98,142.75
"BIRDWOODTON",1,0,0,0,-34.2,142.06
"BIRREGURRA",7,0,1,0,-38.31,143.79
"BITTERN",12,1,3,0,-38.34,145.18
"BLACK HILL",1,0,0,0,-37.56,143.82
"BLACK ROCK",41,2,17,0,-37.99,145.03
"BLACKBURN",35,4,17,1,-37.82,145.15
"BLACKBURN NORTH",9,1,3,0,-37.82,145.15
"BLACKBURN SOUTH",11,2,6,0,-37.82,145.15
"BLACKWOOD",5,0,3,0,-37.45,144.29
"BLAIRGOWRIE",12,0,6,0,-38.36,144.77
"BLAMPIED",3,0,0,0,-37.37,143.94
"BLIND BIGHT",3,0,1,0,-38.21,145.34
"BOBINAWARRAH",1,0,0,0,-36.52,146.5
"BOCHARA",1,0,0,0,-37.7,141.93
"BOGONG",2,0,1,0,-36.81,147.22
"BOISDALE",2,0,0,0,-37.88,146.99
"BOLWARRA",1,0,0,0,-38.27,141.65
"BONBEACH",10,0,3,0,-38.06,145.12
"BONEGILLA",2,0,0,0,-36.28,146.91
"BONEO",5,0,1,0,-38.4,144.9
"BONNIE DOON",7,0,4,0,-37.02,145.86
"BOOLARRA",3,0,0,0,-38.38,146.28
"BOORCAN",1,0,0,0,-38.21,143.01
"BOORHAMAN",2,0,1,0,-36.52,146.5
"BOORT",12,3,1,0,-36.01,143.67
"BORONIA",47,5,23,1,-37.86,145.28
"BOUNDARY BEND",1,0,1,0,-34.74,143.14
"BOX HILL",107,11,60,2,-37.82,145.12
"BOX HILL NORTH",11,1,6,0,-37.8,145.13
"BOX HILL SOUTH",13,1,9,0,-37.82,145.12
"BRAESIDE",22,0,7,1,-38.03,145.1
"BRANXHOLME",3,0,0,0,-37.86,141.79
"BRAYBROOK",24,1,12,2,-37.78,144.86
"BREAKWATER",7,0,1,2,-38.18,144.38
"BREAMLEA",1,0,0,0,-38.28,144.49
"BRIAGOLONG",2,0,0,0,-37.88,146.99
"BRIAR HILL",3,0,2,0,-37.71,145.12
"BRIDGEWATER",3,0,0,0,-36.59,143.92
"BRIDGEWATER ON LODDON",3,0,1,0,-36.59,143.92
"BRIGHT",51,1,27,1,-36.73,146.96
"BRIGHTON",129,3,69,3,-37.91,144.99
"BRIGHTON EAST",24,1,8,0,-37.9,145
"BRIGHTON NORTH",3,1,0,0,-37.91,144.99
"BRIM",3,0,1,0,-36.07,142.52
"BRIMIN",1,0,0,0,-36.1,146.22
"BRIMPAEN",1,0,1,0,-36.46,142.31
"BROADFORD",14,1,1,0,-37.2,145.05
"BROADMEADOWS",23,1,12,0,-37.68,144.92
"BROOKLYN",3,0,1,0,-37.81,144.85
"BROWN HILL",2,0,0,0,-37.56,143.82
"BROWNS PLAINS",2,0,0,0,-36.1,146.22
"BRUNSWICK",169,13,66,5,-37.76,144.94
"BRUNSWICK EAST",99,5,46,1,-37.76,144.98
"BRUNSWICK NORTH",1,1,0,0,-37.76,144.94
"BRUNSWICK WEST",28,1,14,0,-37.77,144.94
"BRUTHEN",7,0,2,0,-37.71,147.83
"BUANGOR",1,0,0,0,-37.43,143.13
"BUCHAN",4,0,1,0,-37.71,147.83
"BUCKLEY",1,0,0,0,-38.22,144.08
"BUFFALO RIVER",2,0,0,0,-36.98,146.78
"BULLA",2,0,0,0,-37.64,144.8
"BULLEEN",27,1,8,3,-37.77,145.08
"BULN BULN",2,0,0,0,-38.1,145.92
"BUNBARTHA",1,0,0,0,-36.22,145.34
"BUNDALAGUAH",1,0,0,0,-38.04,147.08
"BUNDALONG",4,0,2,0,-36.03,146.08
"BUNDOORA",78,7,36,1,-37.7,145.07
"BUNGAREE",3,0,0,0,-37.38,143.67
"BUNINYONG",13,1,5,0,-37.65,143.92
"BUNYIP",8,1,2,0,-38.1,145.72
"BURNLEY",1,0,1,0,-37.83,145.01
"BURNSIDE",4,0,1,0,-37.75,144.75
"BURNSIDE HEIGHTS",1,0,0,0,-37.75,144.75
"BURRAMINE",2,0,0,0,-36.03,146.08
"BURWOOD",27,5,8,0,-37.84,145.12
"BURWOOD EAST",34,1,17,0,-37.86,145.14
"BUSHFIELD",1,0,0,0,-38.33,142.51
"BUXTON",6,1,1,0,-37.42,145.71
"BYADUK",1,0,0,0,-37.7,141.93
"BYAWATHA",1,0,0,0,-36.52,146.5
"CAIRNLEA",8,0,4,0,-37.75,144.75
"CALDERMEADE",1,0,0,0,-38.32,145.54
"CALIFORNIA GULLY",2,0,0,0,-36.73,144.26
"CALIVIL",2,0,0,0,-36.3,144.09
"CAMBERWELL",111,19,58,1,-37.82,145.06
"CAMBERWELL SOUTH",1,0,1,0,-37.82,145.06
"CAMBRIAN HILL",1,0,0,0,-37.38,143.67
"CAMPBELLFIELD",28,0,8,2,-37.64,144.95
"CAMPBELLS CREEK",3,0,1,0,-37.03,144.24
"CAMPBELLTOWN",1,0,1,0,-37.37,143.94
"CAMPERDOWN",18,1,6,1,-38.13,143.1
"CANN RIVER",4,1,1,0,-37.27,149.14
"CANTERBURY",14,1,8,0,-37.84,145.09
"CAPE BRIDGEWATER",2,0,1,0,-38.27,141.65
"CAPE CLEAR",1,0,1,0,-37.77,143.68
"CAPE OTWAY",3,0,1,0,-38.75,143.67
"CAPE PATERSON",2,1,0,0,-38.53,145.45
"CAPE SCHANCK",7,0,0,0,-38.4,144.9
"CAPE WOOLAMAI",5,0,5,0,-38.54,145.34
"CARAMUT",2,0,1,0,-37.91,142.52
"CARAPOOEE WEST",1,0,0,0,0,0
"CARDIGAN",2,0,0,0,-37.38,143.67
"CARDINIA",2,0,1,0,-38.15,145.42
"CARDROSS",4,0,1,0,-34.29,142.15
"CARISBROOK",10,1,3,0,-37.01,143.8
"CARLSRUHE",2,0,0,0,-37.39,144.45
"CARLTON",186,2,82,1,-37.78,144.97
"CARLTON NORTH",58,4,25,0,-37.78,144.97
"CARNEGIE",79,7,48,1,-37.89,145.06
"CARNGHAM",1,0,0,0,-37.77,143.68
"CAROLINE SPRINGS",36,3,20,2,-37.75,144.75
"CARRAJUNG LOWER",2,0,0,0,-38.41,146.64
"CARRANBALLAC",1,0,0,0,-37.78,143.41
"CARRUM",14,0,8,0,-38.08,145.12
"CARRUM DOWNS",35,1,16,1,-38.09,145.19
"CASSILIS",2,0,0,0,-37.02,147.47
"CASTERTON",11,1,3,0,-37.58,141.41
"CASTLEMAINE",50,0,29,1,-37.06,144.22
"CATANI",4,0,0,0,-38.18,145.57
"CATHCART",2,0,0,0,-37.28,142.93
"CAULFIELD",27,4,10,2,-37.88,145.03
"CAULFIELD EAST",11,3,7,1,-37.88,145.04
"CAULFIELD NORTH",17,0,7,0,-38.03,145.31
"CAULFIELD SOUTH",24,2,15,0,-37.88,145.03
"CAVENDISH",3,0,1,0,-37.59,141.94
"CERES",1,0,0,0,-37.9,144.25
"CHADSTONE",43,2,28,1,-37.89,145.08
"CHARLTON",14,1,4,0,-36.27,143.43
"CHELSEA",28,0,17,2,-38.06,145.12
"CHELSEA HEIGHTS",10,2,4,1,-38.06,145.12
"CHELTENHAM",86,2,41,3,-37.96,145.06
"CHESHUNT",6,0,1,0,-36.52,146.5
"CHEWTON",2,1,1,0,-37.03,144.24
"CHILTERN",10,1,3,0,-36.15,146.61
"CHIRNSIDE PARK",30,0,10,1,-37.75,145.33
"CHUM CREEK",1,0,0,0,-37.69,145.54
"CHURCHILL",9,1,2,0,-38.32,146.42
"CHURCHILL ISLAND",1,0,1,0,-38.54,145.34
"CLARINDA",3,0,1,0,-37.94,145.1
"CLARKEFIELD",1,0,1,0,-37.48,144.75
"CLAYTON",87,7,48,4,-37.93,145.12
"CLAYTON SOUTH",17,2,6,0,-37.94,145.1
"CLEMATIS",1,0,0,0,-37.92,145.47
"CLIFTON HILL",27,0,10,0,-37.79,144.99
"CLIFTON SPRINGS",6,1,2,1,-38.16,144.56
"CLUNES",11,0,3,0,-37.29,143.79
"CLYDE",7,1,4,0,-38.15,145.42
"CLYDE NORTH",6,0,3,0,-38.15,145.42
"COBDEN",10,0,1,1,-38.34,143.14
"COBRAM",27,2,5,1,-35.96,145.63
"COBURG",76,6,32,2,-37.73,144.96
"COBURG NORTH",13,0,6,0,-37.73,144.96
"COCKATOO",6,0,3,0,-37.94,145.49
"COGHILLS CREEK",3,0,0,0,-37.37,143.94
"COHUNA",13,0,2,0,-35.84,144.34
"COLAC",46,0,15,5,-38.34,143.58
"COLAC EAST",1,0,1,0,-38.34,143.58
"COLBINABBIN",9,0,1,0,-36.53,144.6
"COLDSTREAM",38,1,6,0,-37.72,145.38
"COLERAINE",8,0,2,0,-37.44,141.76
"COLLINGWOOD",127,1,44,0,-37.8,144.98
"CONDAH",3,0,0,0,-38.03,141.81
"CONGUPNA",2,0,1,0,-36.3,145.48
"CONNEWARRE",5,0,1,0,-38.28,144.49
"COOLAROO",6,1,1,2,-37.65,144.93
"COOMA",1,0,0,0,-36.42,145.07
"COOPERS CREEK",1,0,0,0,-37.7,146.36
"COORIEMUNGLE",3,0,0,0,-38.42,142.86
"CORA LYNN",1,0,0,0,-38.15,145.61
"CORINELLA",5,0,3,0,-38.32,145.54
"CORIO",21,2,4,2,-38.07,144.36
"CORNELLA",3,0,0,0,-36.69,143.87
"CORONET BAY",1,0,1,0,-38.32,145.54
"COROP",7,0,0,0,-36.53,144.6
"COROROOKE",1,0,1,0,-38.3,143.52
"CORRYONG",14,0,4,1,-36.28,148.03
"COTTLES BRIDGE",3,0,0,0,-37.59,145.22
"COWES",68,5,35,2,-38.45,145.24
"COWWARR",3,0,1,0,-38,146.69
"CRAIGIE",1,0,0,0,-37.07,143.68
"CRAIGIEBURN",51,4,30,2,-37.6,144.94
"CRANBOURNE",55,5,24,4,-38.21,145.32
"CRANBOURNE EAST",8,0,4,0,-38.21,145.32
"CRANBOURNE NORTH",6,0,5,0,-38.21,145.32
"CRANBOURNE SOUTH",2,0,0,0,-38.21,145.32
"CRANBOURNE WEST",12,0,10,0,-38.21,145.32
"CREMORNE",19,0,11,0,-37.83,145.01
"CRESSY",2,0,0,0,-38.03,143.64
"CRESWICK",15,1,2,0,-37.42,143.89
"CRIB POINT",6,0,0,0,-38.37,145.2
"CROWLANDS",1,0,0,0,-37.28,142.93
"CROYDON",77,4,42,2,-37.8,145.28
"CROYDON HILLS",2,0,1,0,-37.8,145.28
"CROYDON NORTH",5,1,1,0,-37.8,145.28
"CROYDON SOUTH",12,2,6,0,-37.8,145.28
"CUDGEWA",2,0,1,0,-36.19,147.77
"CULGOA",4,0,1,0,-35.72,143.11
"CULLULLERAINE",2,0,1,0,-34.29,142.15
"CURLEWIS",8,0,2,0,-38.16,144.56
"DADSWELLS BRIDGE",1,0,1,0,-36.92,142.51
"DALLAS",2,0,0,0,-37.68,144.92
"DALYSTON",2,0,1,0,-38.49,145.62
"DANDENONG",86,9,29,6,-38.03,145.18
"DANDENONG NORTH",11,1,4,0,-38.03,145.18
"DANDENONG SOUTH",18,0,6,0,-38.02,145.24
"DARGO",3,0,1,0,-37.57,147.19
"DARLEY",2,0,1,0,-37.68,144.44
"DARLINGTON",1,0,1,0,-38,143.05
"DARNUM",2,0,1,0,-38.24,146
"DARRAWEIT GUIM",1,0,0,0,-37.4,144.8
"DARTMOOR",4,0,0,0,-38.15,141.97
"DARTMOUTH",1,0,0,0,-36.53,147.5
"DAYLESFORD",44,0,22,2,-37.31,144.09
"DEANS MARSH",5,0,2,0,-38.47,143.93
"DEDERANG",4,0,0,0,-36.28,146.91
"DEER PARK",26,1,12,2,-37.75,144.75
"DELACOMBE",2,0,0,0,-37.59,143.83
"DELAHEY",3,1,2,0,-37.72,144.78
"DENNINGTON",3,0,0,0,-38.36,142.44
"DENVER",2,0,0,0,-37.39,144.22
"DEREEL",1,0,0,0,-37.38,143.67
"DERGHOLM",1,0,0,0,-37.64,141.37
"DERRIMUT",11,0,4,0,-37.97,144.58
"DERRINALLUM",5,0,2,0,-37.95,143.22
"DEVENISH",1,0,0,0,-36.28,146.06
"DEVON MEADOWS",1,0,0,0,-38.21,145.32
"DHURRINGILE",1,0,0,0,-36.54,145.28
"DIAMOND CREEK",23,2,10,1,-37.64,145.22
"DIGBY",1,0,0,0,-37.79,141.5
"DIGGERS REST",8,1,3,0,-37.63,144.72
"DIMBOOLA",10,1,2,0,-36.3,142.02
"DINGEE",2,0,1,0,-36.37,144.23
"DINGLEY VILLAGE",7,0,5,0,-37.97,145.12
"DINNER PLAIN",11,1,2,0,-37.02,147.47
"DIXIE",1,0,0,0,-38.21,143.01
"DIXONS CREEK",16,0,5,0,-37.65,145.32
"DOCKLANDS",178,2,79,0,-37.81,144.95
"DONALD",12,1,2,0,-36.24,142.69
"DONCASTER",53,5,24,2,-37.78,145.12
"DONCASTER EAST",82,14,42,1,-37.81,145.19
"DONNYBROOK",1,0,0,0,-37.6,144.94
"DONVALE",11,0,3,0,-38.18,144.47
"DOOEN",2,0,0,0,-36.46,142.31
"DOOKIE",5,0,1,0,-36.33,145.69
"DOOKIE COLLEGE",1,0,1,0,-36.4,145.7
"DOREEN",18,0,11,0,-37.62,145.15
"DOVETON",17,1,3,1,-38,145.24
"DROMANA",54,5,20,2,-38.35,144.95
"DROPMORE",1,0,0,0,-37.09,145.5
"DROUIN",30,3,6,1,-38.24,145.78
"DROUIN EAST",3,0,1,0,-38.24,145.78
"DROUIN WEST",1,0,0,0,-38.24,145.78
"DRUMCONDRA",2,0,0,0,-38.11,144.33
"DRUMMOND NORTH",2,0,0,0,-37.2,144.29
"DRUNG",2,0,0,0,-36.46,142.31
"DRY DIGGINGS",2,0,1,0,-37.39,144.22
"DRYSDALE",26,3,8,0,-38.16,144.56
"DUMBALK",2,0,0,0,-38.53,146.1
"DUNKELD",12,0,1,0,-37.65,142.34
"DUNNSTOWN",3,0,1,0,-37.38,143.67
"DUNOLLY",8,0,3,0,-36.92,143.76
"DURHAM LEAD",1,0,0,0,-37.38,143.67
"EAGLE POINT",3,0,1,0,-37.89,147.67
"EAGLEHAWK",17,0,5,1,-36.73,144.26
"EAGLEMONT",4,2,2,0,-37.74,145.09
"EAST GEELONG",8,0,5,0,-38.18,144.38
"EAST MELBOURNE",42,1,17,0,-37.82,144.99
"EBDEN",1,0,1,0,-36.28,146.91
"ECHUCA",80,0,28,3,-36.13,144.73
"ECHUCA WEST",1,0,0,0,-36.13,144.73
"ECKLIN SOUTH",1,0,0,0,-38.21,143.01
"EDDINGTON",1,0,1,0,-36.92,143.76
"EDENHOPE",10,0,3,0,-36.99,141.51
"EDI",1,0,0,0,-36.52,146.5
"EDITHVALE",17,4,6,0,-38.06,145.12
"EILDON",12,1,4,0,-37.23,145.91
"ELAINE",3,0,0,0,-37.71,144.09
"ELDORADO",2,0,1,0,-36.3,146.58
"ELLIMINYT",7,0,1,0,-38.34,143.58
"ELLINBANK",2,0,0,0,-38.1,145.92
"ELMHURST",3,0,1,0,-37.18,143.25
"ELMORE",7,1,2,0,-36.49,144.71
"ELPHINSTONE",4,0,1,0,-37.11,144.34
"ELSTERNWICK",85,9,44,2,-37.88,145
"ELTHAM",57,1,27,1,-37.71,145.15
"ELTHAM NORTH",2,0,1,0,-37.71,145.15
"ELWOOD",62,3,31,1,-37.88,145
"EMERALD",17,0,9,0,-37.92,145.47
"ENDEAVOUR HILLS",23,3,7,0,-37.98,145.25
"ENFIELD",1,0,1,0,-37.38,143.67
"ENSAY",3,0,1,0,-37.3,147.75
"EPPALOCK",3,0,0,0,-36.69,143.87
"EPPING",73,2,33,4,-37.64,145.01
"EPSOM",6,0,4,0,-36.69,143.87
"ERICA",3,0,2,0,-37.7,146.36
"ESKDALE",4,0,1,0,-36.53,147.5
"ESSENDON",77,1,40,4,-37.76,144.9
"ESSENDON FIELDS",7,0,4,0,-37.74,144.91
"ESSENDON NORTH",8,0,3,1,-37.74,144.91
"EUMEMMERRING",2,0,2,0,-38,145.24
"EUROA",22,0,8,0,-36.71,145.64
"EUROBIN",3,0,1,0,-36.7,146.85
"EVERSLEY",1,0,0,0,-37.28,142.93
"EVERTON",1,0,1,0,-36.52,146.5
"EVERTON UPPER",7,0,0,0,-36.52,146.5
"EYNESBURY",3,0,1,0,-37.7,144.54
"FAIRFIELD",46,3,21,0,-37.78,145.03
"FAIRHAVEN",1,0,0,0,-38.46,144.11
"FALLS CREEK",49,15,20,0,-36.81,147.22
"FARADAY",3,0,0,0,-37.03,144.24
"FAWKNER",22,1,7,2,-37.76,144.9
"FERGUSON",1,0,0,0,-38.69,143.56
"FERNDALE",1,0,0,0,-38.1,145.92
"FERNTREE GULLY",56,5,23,4,-37.88,145.3
"FERNY CREEK",2,0,2,0,-37.88,145.34
"FINGAL",13,0,2,0,-38.4,144.9
"FISH CREEK",10,0,1,0,-38.69,146.08
"FITZROY",256,4,83,1,-37.8,144.98
"FITZROY NORTH",64,2,30,0,-37.79,144.99
"FLEMINGTON",31,5,13,1,-37.79,144.93
"FLINDERS",17,2,7,0,-38.47,145.02
"FLOWERDALE",4,0,0,0,-37.2,145.05
"FLYNN",1,1,0,0,-38.41,146.64
"FOOTSCRAY",139,9,69,3,-37.8,144.9
"FOREST HILL",34,3,20,1,-37.84,145.18
"FORREST",6,0,4,0,-38.52,143.71
"FOSTER",15,0,5,1,-38.67,146.27
"FOSTER NORTH",1,0,0,0,-38.67,146.27
"FOUNTAIN GATE",4,0,2,0,-38.02,145.3
"FRAMLINGHAM",1,0,0,0,-38.21,143.01
"FRANKLINFORD",1,0,0,0,-37.39,144.22
"FRANKSTON",134,7,59,4,-38.15,145.12
"FRANKSTON EAST",1,1,0,0,-38.15,145.12
"FRANKSTON NORTH",7,1,2,0,-38.17,145.19
"FRANKSTON SOUTH",9,1,3,0,-38.15,145.12
"FRENCH ISLAND",1,0,0,0,-38.34,145.34
"FRENCHMANS",1,0,0,0,-36.98,143.2
"FRESHWATER CREEK",1,0,1,0,-38.18,144.34
"FYANSFORD",4,0,1,0,-37.9,144.25
"GANNAWARRA",1,0,0,0,-35.84,144.34
"GAPSTED",3,0,1,0,-36.98,146.78
"GARDEN CITY",1,0,1,0,-37.83,144.96
"GARDENVALE",1,1,0,0,-37.88,145
"GARFIELD",5,0,1,0,-38.15,145.61
"GEELONG",211,7,77,3,-38.18,145.11
"GEELONG NORTH",20,0,7,3,-38.11,144.33
"GEELONG WEST",55,3,36,1,-38.14,144.35
"GELANTIPY",1,0,0,0,-37.71,147.83
"GELLIBRAND",5,1,2,0,-38.56,143.4
"GEMBROOK",16,1,4,0,-37.95,145.55
"GENOA",1,0,1,0,-37.48,149.59
"GIPSY POINT",2,0,2,0,-37.48,149.59
"GIRGARRE",2,0,0,0,-36.44,145.07
"GISBORNE",36,2,16,1,-37.52,144.48
"GLADSTONE PARK",8,1,4,0,-37.69,144.88
"GLADYSDALE",2,0,0,0,-37.86,145.71
"GLEN ALVIE",2,0,0,0,-38.43,145.56
"GLEN FORBES",3,0,1,0,-38.45,145.53
"GLEN HUNTLY",7,1,3,0,-37.89,145.06
"GLEN IRIS",55,5,25,0,-37.85,145.07
"GLEN WAVERLEY",135,5,59,4,-37.88,145.17
"GLEN WILLS",1,0,0,0,-37.02,147.47
"GLENAIRE",1,0,1,0,-38.78,143.43
"GLENBURN",2,0,0,0,-37.34,145.29
"GLENGARRY",6,1,2,0,-38.12,146.57
"GLENHOPE",1,0,0,0,-37.09,144.51
"GLENLYON",4,0,1,0,-37.39,144.22
"GLENORCHY",1,0,0,0,-36.92,142.51
"GLENROWAN",7,0,2,0,-36.27,146.13
"GLENROY",26,1,9,1,-37.7,144.92
"GOLDEN BEACH",4,0,2,0,-38.04,147.08
"GOLDEN GULLY",1,0,1,0,-36.83,144.23
"GOLDEN POINT",4,0,3,0,-37.56,143.82
"GOLDEN SQUARE",8,0,2,0,-36.83,144.23
"GOORAMADDA",2,0,0,0,-36.1,146.22
"GOORAMBAT",2,0,0,0,-36.32,145.8
"GOORNONG",3,0,2,0,-36.65,144.51
"GORDON",5,0,2,0,-37.59,144.1
"GORMANDALE",2,0,1,0,-38.29,146.72
"GOROKE",4,0,1,0,-36.75,141.47
"GOUGHS BAY",2,0,1,0,-36.89,146.26
"GOWANBRAE",3,1,0,0,-37.69,144.88
"GRAHAMVALE",2,0,1,0,-36.54,145.36
"GRANTVILLE",4,0,3,0,-38.32,145.54
"GRANYA",2,0,2,0,-36.53,147.5
"GRAYTOWN",2,0,0,0,-36.7,145.03
"GREAT WESTERN",9,0,2,0,0,0
"GREENDALE",1,0,0,0,-37.52,144.31
"GREENSBOROUGH",51,6,25,2,-37.71,145.12
"GREENVALE",7,1,1,0,-37.64,144.89
"GRETA",2,0,0,0,-36.27,146.13
"GREYTHORN",1,0,1,0,-37.79,145.07
"GROVEDALE",29,1,13,1,-38.18,144.34
"GRUYERE",13,0,1,0,-37.72,145.38
"GUILDFORD",5,0,1,0,-37.03,144.24
"GUNBOWER",5,0,0,0,-35.96,144.37
"GUNDOWRING",1,0,0,0,-36.28,146.91
"GUYS HILL",1,0,0,0,-38.05,145.37
"HADDON",2,1,1,0,-37.77,143.68
"HADFIELD",5,1,3,0,-37.7,144.92
"HALLAM",15,1,7,1,-38,145.27
"HALLORA",1,0,0,0,-38.24,145.78
"HALLS GAP",29,1,14,0,-36.94,143.21
"HAMILTON",59,5,14,2,-37.88,141.96
"HAMLYN HEIGHTS",3,0,2,0,-38.11,144.33
"HAMPTON",69,4,35,1,-37.93,145.03
"HAMPTON EAST",6,0,2,0,-37.93,145.03
"HAMPTON PARK",23,2,10,1,-38.03,145.27
"HARCOURT",12,0,3,0,-37,144.26
"HARCOURT NORTH",1,0,0,0,-37,144.26
"HARRIETVILLE",5,0,3,0,-36.73,146.96
"HARROW",5,0,1,0,-37.12,141.6
"HASTINGS",35,2,20,3,-38.31,145.19
"HATTAH",1,0,1,0,-34.85,142.33
"HAWKESDALE",1,0,0,0,-38.11,142.32
"HAWKSBURN",2,0,2,0,-37.84,145
"HAWTHORN",162,7,96,1,-37.84,145.05
"HAWTHORN EAST",57,1,24,1,-37.83,145.04
"HEALESVILLE",88,2,29,2,-37.69,145.54
"HEATHCOTE",45,0,10,0,-36.94,144.73
"HEATHERTON",13,0,3,0,-37.97,145.21
"HEATHMERE",1,0,0,0,-38.27,141.65
"HEATHMONT",20,2,10,0,-37.82,145.25
"HEIDELBERG",34,1,21,2,-37.74,145.09
"HEIDELBERG HEIGHTS",10,1,6,0,-37.75,145.05
"HEIDELBERG WEST",15,1,8,1,-37.75,145.05
"HEPBURN",3,0,0,0,-37.39,144.22
"HEPBURN SPRINGS",24,0,9,0,-37.39,144.22
"HERNE HILL",7,0,2,0,-38.14,144.35
"HESKET",2,0,0,0,-37.39,144.45
"HEYFIELD",10,1,2,0,-37.97,146.69
"HEYWOOD",9,0,2,0,-38.15,141.97
"HIGHETT",41,2,19,1,-37.95,145.03
"HIGHTON",27,1,15,0,-38.18,144.34
"HILLSIDE",12,1,7,1,-37.72,144.78
"HODDLES CREEK",2,0,0,0,-37.8,145.54
"HOPETOUN",5,0,1,0,-35.73,142.36
"HOPPERS CROSSING",56,3,32,3,-37.88,144.7
"HORDERN VALE",1,0,1,0,-38.78,143.43
"HORSHAM",73,3,19,3,-36.71,142.2
"HOTHAM HEIGHTS",12,6,2,0,-36.73,146.96
"HOWQUA",1,0,1,0,-36.89,146.26
"HUGHESDALE",8,0,3,0,-37.9,145.08
"HUMEVALE",1,0,0,0,-37.45,145.11
"HUNTINGDALE",11,1,5,0,-37.9,145.08
"HUNTLY",8,0,2,0,-36.69,143.87
"HURSTBRIDGE",16,0,9,0,-37.59,145.22
"INDENTED HEAD",2,0,1,0,-38.14,144.71
"INDIGO VALLEY",2,0,0,0,-36.11,146.67
"INGLEWOOD",7,0,1,0,-36.3,143.92
"INVERGORDON",1,0,1,0,-36.14,145.5
"INVERLEIGH",6,0,1,0,-38.11,143.86
"INVERLOCH",29,2,11,0,-38.63,145.73
"INVERMAY",3,0,0,0,-37.38,143.67
"IONA",1,0,0,0,-38.1,145.72
"IRAAK",1,0,0,0,-34.46,142.23
"IRONBARK",1,0,0,0,-36.76,144.28
"IRREWARRA",1,0,0,0,-38.24,143.48
"IRREWILLIPE",1,0,0,0,-38.24,143.48
"IRYMPLE",14,0,3,0,-34.23,142.18
"IVANHOE",52,1,29,1,-37.77,145.04
"IVANHOE EAST",7,0,4,0,-37.77,145.04
"JACANA",2,0,0,1,-37.68,144.92
"JAMIESON",7,0,2,0,-36.89,146.26
"JAN JUC",10,0,2,0,-38.33,144.26
"JARKLIN",1,0,1,0,-36.3,143.92
"JEPARIT",5,0,3,0,-36.14,141.99
"JINDIVICK",2,1,0,0,-38.24,145.78
"JOHANNA",1,0,0,0,-38.78,143.43
"JOHNSONVILLE",2,0,1,0,-37.79,147.83
"JORDANVILLE",1,0,0,0,-37.89,145.08
"JUNCTION VILLAGE",1,0,1,0,-38.21,145.32
"JUNORTOUN",4,0,0,0,-36.69,143.87
"KAARIMBA",1,0,0,0,-36.16,145.3
"KALIMNA",2,0,1,0,-37.86,147.92
"KALIMNA WEST",2,0,1,0,-37.86,147.92
"KALKALLO",1,0,0,0,-37.6,144.94
"KALKEE",1,0,0,0,-36.46,142.31
"KALLISTA",8,2,4,0,-37.9,145.41
"KALORAMA",2,0,1,0,-37.82,145.37
"KANGAROO FLAT",21,0,8,2,-36.83,144.23
"KANGAROO GROUND",11,0,3,0,-37.7,145.28
"KANIVA",8,1,1,0,-36.38,141.24
"KANUMBRA",1,0,0,0,-37.01,145.62
"KANYAPELLA",4,0,0,0,-36.13,144.73
"KARDELLA SOUTH",3,0,0,0,-38.45,145.88
"KARINGAL",5,0,3,0,-38.15,145.12
"KATAMATITE",4,0,0,0,-36.08,145.69
"KATANDRA WEST",5,0,1,0,-36.22,145.34
"KATUNGA",5,0,0,0,-35.97,145.46
"KEALBA",8,1,2,1,-37.75,144.77
"KEILOR",17,0,5,1,-37.72,144.83
"KEILOR DOWNS",3,0,1,1,-37.73,144.81
"KEILOR EAST",24,4,10,0,-37.74,144.8
"KEILOR NORTH",1,0,0,0,-37.72,144.83
"KEILOR PARK",14,1,1,0,-37.71,144.89
"KENLEY",1,0,0,0,-34.86,143.34
"KENNINGTON",4,0,3,0,-36.76,144.28
"KENSINGTON",47,1,23,0,-37.79,144.93
"KEON PARK",4,0,1,0,-37.69,145.01
"KERANG",19,3,2,1,-35.88,143.87
"KERGUNYAH",1,0,1,0,-36.28,146.91
"KERNOT",2,0,2,0,-38.43,145.56
"KEVINGTON",1,0,0,0,-36.89,146.26
"KEW",89,7,35,0,-37.81,145.04
"KEW EAST",22,0,10,1,-37.8,145.05
"KEYSBOROUGH",40,4,15,2,-37.99,145.15
"KIALLA",14,1,2,1,-36.54,145.36
"KIALLA WEST",3,0,2,0,-36.54,145.36
"KIEWA",2,0,1,0,-36.28,146.91
"KILCUNDA",4,0,1,0,-38.53,145.45
"KILLARNEY",3,0,1,0,-38.31,142.33
"KILMORE",26,1,11,1,-37.31,144.89
"KILSYTH",17,0,10,1,-37.8,145.31
"KILSYTH SOUTH",1,0,1,0,-37.8,145.31
"KING VALLEY",6,0,1,0,-36.52,146.5
"KINGLAKE",4,0,3,0,-37.48,145.28
"KINGLAKE CENTRAL",2,0,0,0,-37.45,145.11
"KINGOWER",2,0,0,0,-36.3,143.92
"KINGSBURY",10,2,3,0,-37.7,145.07
"KINGSTON",1,0,1,0,-37.37,143.94
"KINGSVILLE",4,0,4,0,-37.81,144.85
"KIRKSTALL",1,0,0,0,-38.31,142.33
"KNOWSLEY",3,0,0,0,-36.94,144.73
"KNOXFIELD",17,3,3,0,-37.89,145.25
"KOO WEE RUP",7,3,1,0,-38.18,145.57
"KOONDROOK",3,0,1,0,-35.64,144.11
"KOONOOMOO",4,0,3,0,-35.91,145.69
"KOONWARRA",2,0,1,0,-38.55,145.95
"KOORLONG",3,0,1,0,-34.85,142.33
"KOOYONG",8,0,2,0,-37.84,145.03
"KOROIT",11,0,4,0,-38.33,142.41
"KORONG VALE",3,0,0,0,-36.33,143.84
"KORUMBURRA",23,4,7,1,-38.45,145.88
"KOTUPNA",1,0,0,0,-36.15,145.17
"KOYUGA",1,0,0,0,-36.16,144.77
"KYABRAM",20,1,4,1,-37.66,144.94
"KYNETON",51,2,28,2,-37.09,144.51
"LAANG",1,1,0,0,-38.21,143.01
"LABERTOUCHE",2,0,1,0,-38.05,145.83
"LACEBY",1,0,0,0,-36.52,146.5
"LAHARUM",4,0,1,0,-36.46,142.31
"LAKE BOGA",7,0,1,0,-35.46,143.63
"LAKE BOLAC",6,0,1,0,-37.77,143.68
"LAKE BUNGA",1,0,0,0,-37.86,147.92
"LAKE CHARM",2,0,1,0,-35.62,143.8
"LAKE EPPALOCK",1,1,0,0,-36.69,143.87
"LAKE LONSDALE",1,0,0,0,-36.94,143.21
"LAKE TYERS BEACH",2,0,0,0,-37.86,147.92
"LAKE WELLINGTON",1,0,0,0,-38.04,147.08
"LAKE WENDOUREE",1,0,0,0,-37.56,143.82
"LAKES ENTRANCE",40,2,14,3,-37.86,147.92
"LAL LAL",1,0,0,0,-37.38,143.67
"LALBERT",3,0,0,0,-35.76,143.28
"LALOR",24,2,11,1,-37.67,145.02
"LAMPLOUGH",2,0,0,0,-37.38,143.67
"LANCASTER",1,0,0,0,-36.31,145.05
"LANCEFIELD",24,0,2,0,-37.19,144.69
"LANDSBOROUGH",4,0,1,0,-36.98,143.2
"LANG LANG",9,1,2,0,-38.32,145.54
"LANGWARRIN",15,1,8,1,-38.15,145.19
"LARA",25,0,11,2,-38.02,144.41
"LASCELLES",1,0,0,0,-35.61,142.58
"LAUNCHING PLACE",2,0,0,0,-37.8,145.54
"LAVERS HILL",5,0,5,0,-38.78,143.43
"LAVERTON",23,2,9,2,-37.87,144.78
"LAVERTON NORTH",5,0,2,0,-37.84,144.8
"LEARMONTH",7,0,0,0,-37.38,143.67
"LEICHARDT",1,0,0,0,-36.59,143.92
"LEIGH CREEK",1,0,0,0,-37.38,143.67
"LEITCHVILLE",4,0,1,0,-35.89,144.24
"LEONGATHA",27,1,10,2,-38.41,146.07
"LEONGATHA NORTH",1,0,0,0,-38.41,146.07
"LEONGATHA SOUTH",4,0,0,0,-38.41,146.07
"LEOPOLD",18,0,9,1,-38.18,144.46
"LETHBRIDGE",9,0,2,0,-37.96,144.14
"LEXTON",4,0,0,0,-37.38,143.67
"LICOLA",1,0,1,0,-37.97,146.69
"LILLIPUT",1,0,0,0,-36.24,146.41
"LILYDALE",59,2,26,3,-37.76,145.35
"LIMA SOUTH",3,0,1,0,-36.43,145.89
"LINDENOW",6,0,3,0,-37.8,147.46
"LINDENOW SOUTH",2,0,0,0,-37.83,147.63
"LINTON",3,0,1,0,-37.69,143.56
"LISMORE",7,0,1,0,-37.95,143.34
"LITTLE RIVER",2,0,0,0,-37.97,144.53
"LOCH",9,0,3,0,-37.97,145.16
"LOCH SPORT",8,1,1,0,-38.04,147.08
"LOCKINGTON",5,0,1,0,-36.27,144.48
"LOCKSLEY",2,0,0,0,-36.82,145.36
"LOCKWOOD SOUTH",1,0,0,0,-36.69,143.87
"LOGAN",1,0,1,0,-36.83,143.5
"LONG GULLY",1,0,0,0,-36.76,144.28
"LONGFORD",6,0,1,0,-38.04,147.08
"LONGLEA",1,0,0,0,-36.69,143.87
"LONGWARRY",6,0,2,0,-38.05,145.83
"LONGWARRY NORTH",1,0,0,0,-38.05,145.83
"LONGWOOD",2,0,0,0,-36.82,145.36
"LONGWOOD EAST",1,0,0,0,-36.71,145.64
"LORNE",41,0,14,1,-38.52,144
"LOVELY BANKS",4,0,0,0,-37.9,144.25
"LOWER NORTON",2,0,0,0,-36.46,142.31
"LOWER PLENTY",16,1,5,1,-37.73,145.09
"LUCKNOW",4,1,1,0,-37.83,147.63
"LYNBROOK",5,1,3,0,-38.05,145.26
"LYNDHURST",11,0,8,1,-38.05,145.26
"LYONVILLE",3,0,1,0,-37.39,144.22
"LYSTERFIELD",4,0,0,0,-37.88,145.3
"MACARTHUR",7,0,1,0,-37.97,141.83
"MACCLESFIELD",1,0,0,0,-37.92,145.47
"MACEDON",15,0,6,0,-37.4,144.59
"MACLEOD",13,1,5,0,-37.73,145.07
"MACORNA",1,0,0,0,-35.88,143.87
"MACS COVE",1,0,1,0,-36.89,146.26
"MADDINGLEY",1,0,1,0,-37.68,144.44
"MAFFRA",21,2,4,1,-37.88,146.99
"MAFFRA WEST UPPER",1,0,0,0,-37.89,146.85
"MAGPIE",1,0,1,0,-37.38,143.67
"MAIDEN GULLY",7,0,1,0,-36.69,143.87
"MAIDSTONE",20,0,7,1,-37.81,144.85
"MAIN RIDGE",18,0,2,0,-38.4,144.97
"MAINDAMPLE",1,0,0,0,-36.89,146.26
"MALDON",18,1,6,0,-36.98,143.95
"MALLACOOTA",7,0,3,0,-37.55,149.73
"MALMSBURY",8,0,3,0,-37.2,144.29
"MALVERN",79,2,44,2,-37.84,145.03
"MALVERN EAST",81,5,40,2,-37.88,145.04
"MANANGATANG",4,0,1,0,-34.96,142.88
"MANDURANG",7,0,0,0,-36.69,143.87
"MANGALORE",1,0,1,0,-36.94,145.16
"MANIFOLD HEIGHTS",4,0,3,0,-38.14,144.35
"MANNERIM",2,0,1,0,-38.16,144.56
"MANSFIELD",40,3,13,1,-37.01,146.22
"MARCUS HILL",4,0,0,0,-38.16,144.56
"MARDAN",1,0,0,0,-38.41,146.07
"MARIBYRNONG",42,1,21,1,-37.78,144.92
"MARKWOOD",1,0,0,0,-36.52,146.5
"MARLO",2,0,0,0,-37.15,148.88
"MARNOO",3,0,1,0,-36.67,142.87
"MARONG",8,0,0,0,-36.74,144.13
"MAROONA",1,0,0,0,-37.28,142.93
"MARYBOROUGH",37,2,12,2,-37.07,143.68
"MARYKNOLL",1,0,1,0,-38.04,145.61
"MARYSVILLE",16,1,9,0,-37.56,145.89
"MCCRAE",8,0,4,0,-37.99,145.22
"MCKINNON",14,3,4,1,-37.92,145.04
"MCMAHONS CREEK",1,0,0,0,-37.76,145.75
"MEADOW HEIGHTS",2,0,1,0,-37.65,144.93
"MEENIYAN",12,0,4,0,-38.53,146.1
"MEERLIEU",2,0,0,0,-37.57,147.19
"MELBOURNE",1406,8,520,7,-37.81,144.97
"MELBOURNE AIRPORT",44,0,11,0,-37.67,144.83
"MELBOURNE UNIVERSITY",5,0,0,0,-37.8,144.96
"MELTON",55,5,23,3,-37.68,144.59
"MELTON SOUTH",14,0,6,1,-37.7,144.54
"MELTON WEST",9,0,6,0,-37.68,144.59
"MENTONE",42,2,18,1,-37.98,145.06
"MERBEIN",12,0,1,1,-34.2,142.06
"MERBEIN SOUTH",1,0,1,0,-34.2,142.06
"MEREDITH",4,0,1,0,-37.92,144.03
"MERINO",2,0,1,0,-37.72,141.55
"MERLYNSTON",1,0,1,0,-37.73,144.96
"MERNDA",13,0,8,1,-37.62,145.15
"MERRICKS",11,0,3,0,-38.39,145.09
"MERRICKS BEACH",1,0,0,0,-38.37,145.13
"MERRICKS NORTH",13,0,1,0,-38.37,145.13
"MERRIGUM",4,0,0,0,-36.37,145.17
"MERRIJIG",6,1,2,0,-36.89,146.26
"MERTON",1,0,0,0,-36.97,145.79
"METCALFE",1,0,0,0,-37.11,144.34
"METUNG",11,0,4,0,-37.87,147.85
"MIA MIA",2,0,0,0,-37.09,144.51
"MICKLEHAM",2,0,0,0,-37.6,144.94
"MIDDLE PARK",18,0,7,0,-37.84,144.96
"MILAWA",16,1,6,0,-36.52,146.5
"MILDURA",135,2,40,5,-34.18,142.16
"MILDURA SOUTH",3,0,1,0,-34.85,142.33
"MILL PARK",45,4,21,1,-37.67,145.06
"MILLGROVE",1,0,1,0,-37.76,145.75
"MINERS REST",5,0,1,0,-37.38,143.67
"MINIMAY",1,0,0,0,-36.71,141.18
"MININERA",1,0,0,0,-37.77,143.68
"MINYIP",8,0,2,0,-36.46,142.59
"MIRBOO NORTH",13,1,4,0,-38.29,146.05
"MITCHAM",40,4,20,1,-37.82,145.19
"MITCHELLSTOWN",2,0,0,0,-36.7,145.03
"MITIAMO",3,0,0,0,-36.3,144.09
"MITTA MITTA",3,0,0,0,-36.53,147.5
"MODEWARRE",1,0,0,0,-38.22,144.08
"MOE",33,6,11,3,-37.7,146.36
"MOLESWORTH",3,0,2,0,-37.13,145.53
"MOLIAGUL",1,0,0,0,-36.92,143.76
"MONASH UNIVERSITY",5,1,2,0,-37.91,145.13
"MONBULK",22,2,8,1,-37.87,145.41
"MONEGEETTA",1,0,1,0,0,0
"MONGANS BRIDGE",2,0,0,0,-36.28,146.91
"MONOMEITH",1,0,1,0,-38.32,145.54
"MONT ALBERT",12,2,6,0,-37.82,145.1
"MONT ALBERT NORTH",3,0,0,0,-37.8,145.13
"MONTMORENCY",19,1,6,1,-37.72,145.12
"MONTROSE",15,2,6,0,-37.81,145.34
"MOOLAP",11,0,3,0,-37.9,144.25
"MOONAMBEL",17,0,2,0,-36.54,142.92
"MOONEE PONDS",111,10,65,4,-37.77,144.92
"MOONLIGHT FLAT",1,1,0,0,-37.06,144.22
"MOORABBIN",57,3,20,2,-37.93,145.04
"MOORABBIN AIRPORT",4,0,4,0,-37.98,145.06
"MOORABOOL",1,0,0,0,-37.9,144.25
"MOORNGAG",2,0,0,0,-36.43,145.89
"MOOROODUC",21,0,2,0,-38.24,145.09
"MOOROOLBARK",25,1,9,0,-37.77,145.33
"MOOROOPNA",19,0,9,1,-36.38,145.3
"MORDIALLOC",52,0,18,2,-38.03,145.1
"MORDIALLOC NORTH",1,0,1,0,-38.03,145.1
"MORIAC",2,0,2,0,-38.22,144.08
"MORNINGTON",124,7,58,4,-38.24,145.06
"MORTLAKE",6,0,1,0,-38.08,142.81
"MORWELL",48,3,20,5,-38.28,146.32
"MOUNT BEAUTY",6,0,3,0,-36.81,147.22
"MOUNT BRUNO",1,0,0,0,-36.27,146.13
"MOUNT BULLER",54,31,7,0,-36.89,146.26
"MOUNT BURNETT",1,0,0,0,-37.94,145.49
"MOUNT CAMEL",1,0,0,0,-36.94,144.73
"MOUNT CLEAR",3,0,1,0,-37.56,143.82
"MOUNT DANDENONG",8,0,2,0,-37.84,145.36
"MOUNT DUNEED",5,0,0,0,-38.18,144.34
"MOUNT ELIZA",49,2,20,0,-38.19,145.08
"MOUNT EVELYN",13,1,7,1,-37.79,145.38
"MOUNT HELEN",3,0,1,0,-37.56,143.82
"MOUNT HOTHAM",12,6,3,0,-36.73,146.96
"MOUNT MACEDON",9,0,3,0,-37.4,144.59
"MOUNT MARTHA",33,4,8,1,-38.3,144.99
"MOUNT MORIAC",4,0,0,0,-38.22,144.08
"MOUNT PLEASANT",1,0,0,0,-37.56,143.82
"MOUNT TOOLEBEWONG",1,0,0,0,-37.69,145.54
"MOUNT WAVERLEY",58,6,31,0,-37.88,145.13
"MOUNTAIN GATE",1,0,0,0,-37.88,145.3
"MOYARRA",1,0,0,0,-38.39,145.89
"MOYHU",4,0,1,0,-36.58,146.38
"MOYSTON",5,0,1,0,-37.28,142.93
"MUCKLEFORD",2,0,0,0,-37.03,144.24
"MULGRAVE",31,2,13,2,-37.87,145.1
"MURCHISON",7,0,0,0,-36.54,145.28
"MURCHISON EAST",1,0,1,0,-36.54,145.28
"MURGHEBOLUC",1,0,0,0,-37.9,144.25
"MURRABIT",4,0,1,0,-35.88,143.87
"MURRAYDALE",1,0,0,0,-35.3,143.36
"MURRAYVILLE",4,0,0,0,-35.22,141.09
"MURRINDINDI",2,0,0,0,-37.34,145.29
"MURROON",2,0,0,0,-38.47,143.76
"MURRUMBEENA",18,2,8,0,-37.89,145.06
"MURTOA",5,0,1,0,-36.45,142.42
"MUSK",4,0,0,0,-37.39,144.22
"MYERS FLAT",1,0,0,0,-36.73,144.26
"MYRNIONG",3,0,2,0,-37.52,144.31
"MYRRHEE",5,0,1,0,-36.58,146.38
"MYRTLE CREEK",1,0,0,0,-37.09,144.51
"MYRTLEFORD",41,5,15,1,-36.46,146.48
"MYSTIC PARK",2,0,0,0,-35.88,143.87
"NAGAMBIE",32,1,4,1,-36.7,145.03
"NAMBROK",2,0,0,0,-38.26,146.75
"NANDALY",1,0,1,0,-35.36,142.79
"NANGILOC",3,0,0,0,-34.46,142.23
"NANNEELLA",1,0,0,0,-36.3,144.67
"NAPOLEONS",1,0,0,0,-37.38,143.67
"NAR NAR GOON",4,0,0,0,-38.04,145.61
"NARBETHONG",1,0,1,0,-37.63,145.7
"NARRACAN",2,0,0,0,-38.3,146.11
"NARRE WARREN",47,4,25,1,-38.02,145.3
"NARRE WARREN EAST",4,0,1,0,-37.97,145.36
"NARRE WARREN NORTH",8,0,2,0,-37.97,145.36
"NARRE WARREN SOUTH",14,0,8,0,-38.02,145.3
"NATHALIA",12,1,2,0,-36.15,145.17
"NATIMUK",6,0,1,0,-36.78,141.76
"NATTE YALLOCK",2,0,0,0,-37.07,143.68
"NAVARRE",2,0,1,0,-36.98,143.2
"NEERIM JUNCTION",1,0,1,0,-37.91,145.93
"NEERIM SOUTH",7,0,1,0,-37.96,145.99
"NELSON",4,1,2,0,-38.05,141.01
"NERRENA",1,0,0,0,-38.41,146.07
"NERRINA",1,0,0,0,-37.56,143.82
"NETHERBY",1,0,1,0,-36.17,141.33
"NEW GISBORNE",8,0,1,0,-37.46,144.6
"NEWBOROUGH",11,0,3,1,-37.7,146.36
"NEWBRIDGE",4,0,2,0,-36.69,143.87
"NEWCOMB",13,1,7,1,-38.18,144.38
"NEWHAM",5,0,1,0,-37.39,144.45
"NEWHAVEN",7,0,2,0,-38.54,145.34
"NEWLYN",2,0,1,0,-37.37,143.94
"NEWLYN NORTH",1,0,1,0,-37.37,143.94
"NEWMERELLA",1,0,0,0,-37.74,148.43
"NEWPORT",32,2,16,1,-37.84,144.88
"NEWRY",3,0,0,0,-37.89,146.85
"NEWSTEAD",10,0,4,0,-37.11,144.1
"NEWTOWN",30,0,14,2,-38.18,145.11
"NHILL",12,0,2,0,-36.17,141.33
"NICHOLS POINT",10,0,1,0,-34.85,142.33
"NICHOLSON",3,0,0,0,-37.82,147.73
"NIDDRIE",26,2,16,0,-37.71,144.89
"NIRRANDA",1,0,0,0,-38.42,142.86
"NOBLE PARK",36,9,8,3,-37.97,145.18
"NOBLE PARK NORTH",4,0,1,0,-37.97,145.18
"NOOJEE",4,0,3,0,-37.84,145.85
"NOORAT",3,0,0,0,-38.21,143.01
"NORADJUHA",1,0,0,0,-36.78,141.76
"NORLANE",19,1,8,1,-38.07,144.36
"NORONG",1,0,0,0,-36.24,146.41
"NORTH BENDIGO",1,0,0,0,-36.76,144.28
"NORTH GEELONG",11,0,3,0,-38.11,144.33
"NORTH MELBOURNE",87,4,45,0,-37.91,145.06
"NORTH SHORE",2,0,0,0,-38.07,144.36
"NORTH WANGARATTA",1,0,0,0,-36.52,146.5
"NORTH WARRANDYTE",1,0,0,0,-37.73,145.22
"NORTHCOTE",140,6,62,1,-37.77,145
"NOTTING HILL",6,1,2,0,-37.93,145.12
"NOWA NOWA",1,0,1,0,-37.84,148.12
"NUG NUG",1,0,0,0,-36.98,146.78
"NULLAWARRE",2,0,2,0,-38.42,142.86
"NULLAWIL",1,0,0,0,-35.78,143.26
"NUMURKAH",20,0,7,1,-36.14,145.5
"NUNAWADING",26,1,17,1,-37.84,145.18
"NUNGURNER",1,0,0,0,-37.86,147.92
"NYAH",5,0,2,0,-35.15,143.36
"NYAH WEST",5,0,1,0,-35.19,143.35
"NYORA",3,0,1,0,-38.33,145.67
"OAK PARK",12,1,2,0,-37.7,144.92
"OAKLANDS JUNCTION",1,0,1,0,-37.63,144.84
"OAKLEIGH",70,5,22,3,-37.9,145.08
"OAKLEIGH EAST",6,1,4,0,-37.9,145.08
"OAKLEIGH SOUTH",14,0,4,0,-37.93,145.1
"OCEAN GROVE",46,2,20,1,-38.27,144.54
"OFFICER",12,0,4,1,-38.06,145.41
"OLINDA",23,2,11,0,-37.86,145.36
"OMEO",9,0,2,0,-37.02,147.47
"ORBOST",15,2,3,1,-37.15,148.88
"ORMOND",27,4,11,0,-37.92,145.04
"OUTTRIM",3,0,0,0,-38.39,145.89
"OUYEN",7,0,1,1,-35.2,141.6
"OVENS",2,0,1,0,-36.61,146.79
"OXLEY",7,0,2,0,-36.52,146.5
"PAKENHAM",58,4,27,3,-38.08,145.49
"PAKENHAM UPPER",2,0,0,0,-38.08,145.49
"PANMURE",2,0,0,0,-38.21,143.01
"PANTON HILL",5,0,0,0,-37.64,145.24
"PARAPARAP",3,0,0,0,-38.22,144.08
"PARK ORCHARDS",8,1,3,0,-37.78,145.21
"PARKDALE",28,2,18,0,-38.03,145.1
"PARKVILLE",36,1,10,0,-37.8,144.96
"PASCOE VALE",32,2,16,2,-37.73,144.94
"PASCOE VALE SOUTH",14,0,6,0,-37.73,144.94
"PASTORIA",1,0,0,0,-37.09,144.51
"PATCHEWOLLOCK",1,0,0,0,-35.38,142.19
"PATTERSON LAKES",20,0,14,1,-38.08,145.12
"PAYNESVILLE",18,2,6,0,-37.92,147.69
"PEARCEDALE",6,2,1,0,-38.2,145.23
"PENNYROYAL",2,0,1,0,-38.47,143.93
"PENSHURST",5,0,3,0,-37.9,142.17
"PETERBOROUGH",3,0,1,0,-38.58,142.86
"PHEASANT CREEK",1,0,1,0,-37.45,145.11
"PIANGIL",4,0,1,0,-34.86,143.34
"PICOLA",3,0,0,0,-36.02,144.97
"PIGEON PONDS",1,0,0,0,-37.25,141.84
"PIMPINIO",1,0,0,0,-36.46,142.31
"PINE GROVE",1,0,0,0,-36.3,144.09
"PINE LODGE",1,0,0,0,-36.54,145.36
"PIPERS CREEK",3,0,0,0,-37.09,144.51
"PIRRON YALLOCK",2,0,0,0,-38.24,143.48
"PLENTY",10,1,2,0,-37.67,145.12
"PLUMPTON",2,0,0,0,-37.69,144.69
"POINT COOK",68,2,43,3,-37.97,144.58
"POINT LEO",2,1,0,0,-38.39,145.09
"POINT LONSDALE",15,1,5,0,-38.29,144.61
"POMBORNEIT",1,0,0,0,-38.13,143.1
"POMONAL",3,0,0,0,-36.94,143.21
"POOWONG",3,0,1,0,-38.29,145.89
"POREPUNKAH",17,0,3,0,-36.82,146.85
"PORT ALBERT",6,0,4,0,-38.61,146.67
"PORT CAMPBELL",14,0,5,0,-38.62,143
"PORT FAIRY",48,2,23,0,-38.21,142.15
"PORT MELBOURNE",135,3,57,2,-37.83,144.96
"PORT WELSHPOOL",2,0,0,0,-38.69,146.45
"PORTARLINGTON",22,2,7,1,-38.14,144.71
"PORTLAND",53,6,12,4,-38.27,141.65
"PORTSEA",9,0,2,0,-38.34,144.71
"POWELLTOWN",3,0,1,0,-37.86,145.71
"PRAHRAN",152,8,51,2,-37.85,144.99
"PRAHRAN EAST",1,0,0,0,-37.85,144.99
"PRESTON",140,7,65,5,-37.74,145.03
"PRESTON SOUTH",2,0,2,0,-37.74,145.03
"PRESTON WEST",2,0,2,0,-37.74,145.03
"PRINCES HILL",2,0,0,0,-37.78,144.97
"PRINCETOWN",2,0,0,0,-38.62,143
"PURNIM",1,0,0,0,-38.28,142.62
"PYALONG",3,0,1,0,-37.12,144.88
"PYRAMID HILL",5,0,1,0,-36.04,143.99
"QUAMBATOOK",4,0,0,0,-35.76,143.45
"QUANTONG",2,0,0,0,-36.46,142.31
"QUARRY HILL",4,0,1,0,-36.76,144.28
"QUEENSCLIFF",42,2,19,1,-38.29,144.61
"RAINBOW",7,0,2,0,-35.69,141.97
"RAVENHALL",9,0,2,0,-37.75,144.75
"RAVENSWOOD",4,0,1,0,-37,144.26
"RAVENSWOOD SOUTH",1,0,0,0,-37,144.26
"RAWSON",4,0,2,0,-37.7,146.36
"RAYWOOD",5,0,1,0,-36.47,144.11
"RED CLIFFS",23,2,3,1,-34.29,142.15
"RED HILL",38,1,7,0,-38.37,145.01
"RED HILL SOUTH",24,1,6,0,-38.37,145.01
"REDAN",2,0,0,0,-37.56,143.82
"REDBANK",3,0,1,0,0,0
"REDESDALE",5,0,3,0,-37.09,144.51
"RESEARCH",8,1,1,0,-37.71,145.15
"RESERVOIR",77,6,31,4,-37.69,145.01
"RHEOLA",1,0,0,0,-36.3,143.92
"RHYLL",10,1,4,0,-38.46,145.31
"RHYMNEY",1,0,0,0,-37.28,142.93
"RICHMOND",298,8,136,4,-37.83,145.01
"RICHMOND NORTH",2,1,0,0,-37.83,145.01
"RIDDELLS CREEK",10,1,3,0,-37.46,144.67
"RINGWOOD",94,4,38,5,-37.81,145.23
"RINGWOOD EAST",26,3,10,1,-37.82,145.25
"RINGWOOD NORTH",13,1,6,0,-37.81,145.23
"RIPPLESIDE",2,0,2,0,-38.11,144.33
"RIPPONLEA",18,0,10,0,-37.88,145
"ROBINVALE",10,2,3,1,-34.85,142.83
"ROCHESTER",14,0,4,0,-36.3,144.67
"ROCKBANK",11,0,2,0,-37.69,144.69
"ROKEWOOD",4,0,1,0,-37.84,143.68
"ROMSEY",17,1,8,0,-37.39,144.64
"ROSANNA",17,2,9,0,-37.74,145.09
"ROSEBUD",50,2,26,3,-38.4,144.9
"ROSEBUD WEST",10,1,4,0,0,0
"ROSEDALE",12,1,5,0,-38.26,146.75
"ROSEWHITE",1,0,0,0,-36.98,146.78
"ROSS CREEK",2,0,1,0,-37.77,143.68
"ROWVILLE",47,0,16,1,-37.93,145.24
"ROXBURGH PARK",10,0,5,0,-37.6,144.94
"RUFFY",1,0,1,0,-36.71,145.64
"RUPANYUP",5,0,1,0,-36.57,142.82
"RUSHWORTH",10,1,1,0,-36.59,144.95
"RUTHERGLEN",46,0,4,0,-36.1,146.22
"RYE",37,1,22,2,-38.37,144.82
"SAFETY BEACH",11,0,2,0,-38.35,144.95
"SAILORS FALLS",1,0,1,0,-37.39,144.22
"SALE",62,2,23,5,-38.42,147.08
"SAN REMO",13,2,4,0,-38.54,145.34
"SANDFORD",1,0,0,0,-37.64,141.37
"SANDHURST",1,0,0,0,-38.21,145.32
"SANDON",1,0,0,0,-37.11,144.1
"SANDRINGHAM",46,1,26,1,-37.95,145.01
"SANDY POINT",3,0,2,0,-38.69,146.08
"SARSFIELD",1,0,0,0,-37.83,147.63
"SASSAFRAS",16,0,6,0,-37.88,145.37
"SCARSDALE",2,0,1,0,-37.77,143.68
"SCORESBY",18,5,5,0,-37.86,145.26
"SCOTSBURN",2,0,0,0,-37.38,143.67
"SEA LAKE",10,1,1,0,-35.36,142.79
"SEABROOK",3,0,3,0,-37.87,144.78
"SEAFORD",42,3,11,3,-38.11,145.16
"SEAHOLME",3,0,0,1,-37.87,144.83
"SEASPRAY",3,0,1,0,-38.04,147.08
"SEAVIEW",1,0,0,0,-38.1,145.92
"SEBASTOPOL",13,0,7,1,-37.59,143.83
"SEDDON",29,1,16,0,-37.8,144.9
"SEDGWICK",1,0,0,0,-36.69,143.87
"SELBY",1,0,1,0,-37.92,145.4
"SERPENTINE",4,0,1,0,-36.3,143.92
"SERVICETON",3,0,0,0,-36.36,141.12
"SEVILLE",20,0,3,0,-37.8,145.54
"SEVILLE EAST",1,0,1,0,-37.8,145.54
"SEYMOUR",33,1,9,2,-37.09,145.5
"SHAYS FLAT",1,0,0,0,-37.28,142.93
"SHEEP HILLS",1,0,0,0,-36.46,142.59
"SHELFORD",1,0,0,0,-38.02,143.86
"SHEPHERDS FLAT",2,0,0,0,-37.39,144.22
"SHEPPARTON",122,4,43,5,-36.36,145.4
"SHEPPARTON EAST",5,0,2,0,-36.54,145.36
"SHEPPARTON SOUTH",2,0,1,0,-36.36,145.4
"SHERBROOKE",6,0,1,0,-37.88,145.36
"SHOREHAM",11,0,2,0,-38.39,145.09
"SILVAN",6,0,1,0,-37.84,145.41
"SILVERLEAVES",2,0,1,0,-38.45,145.24
"SIMPSON",4,0,0,0,-38.34,143.14
"SKENES CREEK",2,0,1,0,-38.75,143.67
"SKIPTON",3,0,1,0,-37.78,143.41
"SKYE",3,0,1,0,-38.21,145.32
"SMEATON",3,0,1,0,-37.37,143.94
"SMITHS BEACH",1,0,0,0,-38.45,145.24
"SMITHS GULLY",3,1,0,0,-37.62,145.29
"SMYTHES CREEK",8,0,6,0,-37.77,143.68
"SMYTHESDALE",3,0,2,0,-37.77,143.68
"SNAKE VALLEY",3,0,1,0,-37.77,143.68
"SOLDIERS HILL",3,0,1,0,-37.56,143.82
"SOMERS",6,0,1,0,-38.38,145.15
"SOMERTON",1,0,0,0,-37.64,144.94
"SOMERVILLE",27,2,13,1,-38.2,145.23
"SORRENTO",34,1,13,0,-38.34,144.74
"SOUTH GEELONG",4,0,2,0,-38.18,145.11
"SOUTH KINGSVILLE",6,0,5,0,-37.84,144.88
"SOUTH MELBOURNE",184,3,92,1,-37.93,145.03
"SOUTH MORANG",25,3,11,0,-37.65,145.1
"SOUTH WHARF",20,0,3,0,-37.82,144.97
"SOUTH YARRA",235,0,81,0,-36.99,144.06
"SOUTHBANK",145,0,36,0,-37.82,144.97
"SPOTSWOOD",17,0,5,0,-37.84,144.88
"SPRING GULLY",2,0,1,0,-36.76,144.28
"SPRING HILL",1,0,0,0,-37.09,144.51
"SPRINGHURST",1,0,0,0,-36.24,146.41
"SPRINGVALE",75,24,26,4,-37.95,145.16
"SPRINGVALE SOUTH",13,2,4,0,-37.97,145.12
"ST ALBANS",63,7,33,2,-37.75,144.77
"ST ALBANS PARK",1,0,0,0,-38.18,144.38
"ST ANDREWS",8,1,2,0,0,0
"ST ANDREWS BEACH",1,1,0,0,-38.37,144.82
"ST ARNAUD",18,0,7,1,-36.54,142.92
"ST HELENA",3,0,3,0,-37.71,145.12
"ST JAMES",3,0,0,0,-36.23,146.06
"ST KILDA",248,2,63,4,-37.87,144.98
"ST KILDA EAST",10,1,1,0,-37.87,145
"ST KILDA WEST",5,0,1,0,-37.87,144.98
"ST LEONARDS",11,0,3,0,-38.14,144.71
"STANHOPE",6,0,2,0,-36.46,144.9
"STANLEY",3,0,1,0,-36.36,146.69
"STAWELL",28,2,7,1,-37.16,142.7
"STEELS CREEK",7,0,0,0,-37.65,145.32
"STOCKDALE",1,0,0,0,-37.57,147.19
"STONEHAVEN",1,0,0,0,-37.9,144.25
"STONY CREEK",3,0,1,0,-37.15,143.67
"STRATFORD",11,1,4,0,-37.57,147.19
"STRATH CREEK",4,0,2,0,-37.2,145.05
"STRATHBOGIE",7,0,1,0,-36.71,145.64
"STRATHDALE",3,0,1,0,-36.76,144.28
"STRATHFIELDSAYE",9,0,1,0,-36.69,143.87
"STRATHMERTON",9,0,4,0,-35.92,145.33
"STRATHMORE",22,2,13,0,-37.74,144.91
"STRATHMORE HEIGHTS",1,0,0,0,-37.74,144.91
"STREATHAM",1,0,0,0,-37.77,143.68
"SULKY",1,0,0,0,-37.38,143.67
"SUNBURY",85,6,35,5,-37.58,144.73
"SUNNYCLIFFS",2,0,0,0,-34.29,142.15
"SUNSHINE",69,9,29,5,-37.78,144.82
"SUNSHINE NORTH",10,0,6,0,-37.78,144.82
"SUNSHINE WEST",14,1,4,1,-37.78,144.82
"SURREY HILLS",35,8,14,0,-37.82,145.1
"SURREY HILLS NORTH",1,0,1,0,-37.82,145.1
"SUTHERLANDS CREEK",2,0,0,0,-38.05,144.17
"SUTTON GRANGE",2,0,0,0,-37.11,144.34
"SWAN BAY",3,0,1,0,-38.29,144.61
"SWAN HILL",60,1,22,3,-35.42,143.59
"SWAN REACH",6,0,2,0,-37.81,147.84
"SWANPOOL",4,0,2,0,-36.43,145.89
"SWIFTS CREEK",6,0,1,0,-37.11,147.81
"SYDENHAM",12,1,8,0,-37.72,144.78
"SYNDAL",5,1,3,0,-37.88,145.13
"TABILK",3,0,0,0,-36.85,145.2
"TAGGERTY",4,0,1,0,-37.25,145.7
"TAHARA",1,0,0,0,-37.7,141.93
"TALBOT",6,0,2,0,-37.15,143.67
"TALLANGATTA",11,0,3,0,-36.18,147.34
"TALLANGATTA VALLEY",1,0,0,0,-36.53,147.5
"TALLAROOK",5,0,1,0,-37.13,145.02
"TALLYGAROOPNA",3,0,0,0,-36.22,145.34
"TAMBO UPPER",3,0,2,0,-37.71,147.83
"TAMINICK",1,0,0,0,-36.27,146.13
"TANGAMBALANGA",3,0,0,0,-36.28,146.91
"TARADALE",3,0,0,0,-37.13,144.36
"TARNAGULLA",1,0,1,0,-36.69,143.87
"TARNEIT",25,0,15,1,-37.88,144.7
"TARRAVILLE",1,0,0,0,-38.61,146.67
"TARRAWARRA",1,0,0,0,-37.65,145.32
"TARRAWINGEE",5,0,1,0,-36.52,146.5
"TARRINGTON",6,0,0,0,-37.7,141.93
"TARWIN LOWER",5,0,2,0,-38.53,146.1
"TATONG",1,0,0,0,-36.43,145.89
"TATURA",19,2,8,1,-36.42,145.07
"TATYOON",1,0,0,0,-37.53,142.94
"TAWONGA",6,1,4,0,-36.67,147.21
"TAWONGA SOUTH",10,0,5,0,0,0
"TAYLORS HILL",6,0,4,0,-37.72,144.78
"TAYLORS LAKES",30,3,9,2,-37.73,144.81
"TECOMA",7,1,6,0,-37.91,145.36
"TEESDALE",2,0,1,0,-38.04,144.05
"TELANGATUK EAST",1,0,0,0,-36.46,142.31
"TEMPLESTOWE",38,5,16,1,-37.77,145.12
"TEMPLESTOWE LOWER",4,0,3,0,-37.76,145.1
"TERANG",10,0,4,0,-38.24,142.91
"TESBURY",1,0,1,0,-38.13,143.1
"THE BASIN",9,1,4,0,-37.85,145.31
"THE GURDIES",2,0,0,0,-38.32,145.54
"THOMASTOWN",48,2,14,1,-37.68,145.01
"THOMSON",1,1,0,0,-38.18,144.38
"THOONA",1,0,0,0,-36.28,146.06
"THORNBURY",88,4,38,2,-37.76,145
"THORNTON",4,0,0,1,-37.33,145.86
"THORPDALE",3,0,0,0,-38.33,146.12
"TIMBOON",12,0,4,0,-38.42,142.86
"TINAMBA",1,0,0,0,-37.89,146.85
"TINTALDRA",2,0,1,0,-36.05,147.93
"TOLMIE",2,0,0,0,-36.89,146.26
"TONGALA",7,2,1,0,-36.27,144.85
"TONGIO",1,0,1,0,-37.11,147.81
"TOOBORAC",4,0,1,0,-37.13,144.75
"TOOLAMBA",2,0,0,0,-36.48,145.26
"TOOLANGI",4,1,1,0,-37.69,145.54
"TOOLERN VALE",3,0,0,0,-37.68,144.59
"TOOLLEEN",12,0,0,0,-36.69,143.87
"TOONGABBIE",3,0,1,0,-38.07,146.67
"TOORA",11,1,3,0,-38.67,146.4
"TOORADIN",11,0,5,1,-38.21,145.34
"TOORAK",49,1,20,0,-37.84,145
"TOOTGAROOK",4,1,2,0,-38.37,144.82
"TORQUAY",72,1,33,1,-38.33,144.26
"TORRUMBARRY",3,0,0,0,-35.98,144.46
"TOTTENHAM",3,0,2,0,-37.81,144.85
"TRAFALGAR",13,1,3,0,-38.3,146.11
"TRARALGON",91,2,34,4,-38.41,146.64
"TRARALGON EAST",1,0,0,0,-38.41,146.64
"TRARALGON SOUTH",2,0,1,0,-38.41,146.64
"TRAVANCORE",2,0,2,0,-37.78,144.92
"TRAWOOL",2,0,1,0,-37.09,145.5
"TRENTHAM",13,0,6,0,-37.45,144.29
"TRENTHAM EAST",1,0,0,0,-37.45,144.29
"TRUGANINA",16,0,7,0,-37.88,144.7
"TUERONG",6,0,0,0,-38.31,145.19
"TULLAMARINE",44,1,13,1,-37.69,144.88
"TUNGAMAH",6,0,1,0,-36.1,146.08
"TYABB",14,0,6,0,-38.26,145.19
"TYERS",3,0,1,0,-38.41,146.64
"TYLDEN",4,0,2,0,-37.09,144.51
"TYNONG",3,1,0,0,-38.09,145.63
"TYNONG NORTH",3,0,2,0,-38.09,145.63
"TYRENDARRA",1,0,0,0,-38.27,141.97
"ULTIMA",3,0,0,0,-35.51,143.2
"UNDERA",2,0,1,0,-36.38,145.3
"UNDERBOOL",3,0,0,0,-35.17,141.69
"UPPER FERNTREE GULLY",9,1,4,0,-37.88,145.3
"UPWEY",21,3,12,0,-37.9,145.33
"VENTNOR",3,0,2,0,-38.45,145.24
"VENUS BAY",8,3,3,0,-38.53,146.1
"VERMONT",16,3,7,0,-37.84,145.19
"VERMONT SOUTH",12,1,5,0,-37.84,145.19
"VIEWBANK",2,1,0,0,-37.74,145.09
"VIOLET TOWN",5,0,2,0,-36.7,145.77
"WAAIA",3,0,0,0,-36.05,145.33
"WAHGUNYAH",12,0,1,0,-36.01,146.4
"WAHRING",1,0,0,0,-36.7,145.03
"WALHALLA",5,0,3,0,-37.7,146.36
"WALLACE",2,0,0,0,-37.38,143.67
"WALLAN",18,1,11,1,-37.4,144.8
"WALLINGTON",12,0,3,0,-37.9,144.25
"WALPEUP",2,0,1,0,-35.19,142.02
"WALWA",4,0,1,0,-36.05,147.56
"WANDILIGONG",3,0,2,0,-36.75,146.98
"WANDIN EAST",5,0,0,0,-37.8,145.54
"WANDIN NORTH",9,3,2,0,-37.8,145.54
"WANDONG",3,0,1,1,-37.38,145.03
"WANGANDARY",1,0,0,0,-36.52,146.5
"WANGARATTA",74,1,24,4,-36.34,146.34
"WANGOOM",1,0,0,0,-38.21,142.66
"WANTIRNA",40,2,15,1,-37.87,145.24
"WANTIRNA SOUTH",59,5,22,3,-37.87,145.24
"WARBURTON",19,1,8,0,-37.76,145.75
"WARNEET",2,0,1,0,-38.21,145.34
"WARRACKNABEAL",10,1,3,0,-36.33,142.36
"WARRAGUL",60,4,20,3,-38.21,145.96
"WARRAGUL SOUTH",1,0,0,0,-38.1,145.92
"WARRAK",1,0,0,0,-37.28,142.93
"WARRANDYTE",28,1,15,0,-37.73,145.22
"WARRANDYTE SOUTH",6,0,0,0,-37.81,145.23
"WARRANWOOD",2,0,1,0,-37.81,145.23
"WARRENBAYNE",1,0,0,0,-36.59,145.86
"WARRENHEIP",3,0,3,0,-37.38,143.67
"WARRENMANG",1,0,0,0,-36.54,142.92
"WARRION",2,0,0,0,-38.24,143.48
"WARRNAMBOOL",121,3,43,7,-38.36,142.44
"WARTOOK",3,0,3,0,-36.46,142.31
"WATCHEM",1,0,1,0,-36.23,142.86
"WATERWAYS",1,0,1,0,-38.03,145.1
"WATSONIA",16,1,6,1,-37.71,145.08
"WATTLE BANK",1,0,0,0,-38.53,145.45
"WATTLE FLAT",1,0,0,0,-37.38,143.67
"WATTLE GLEN",1,1,0,0,-37.67,145.19
"WATTLE HILL",1,0,0,0,-38.69,143.56
"WAUBRA",4,0,1,0,-37.38,143.67
"WAURN PONDS",17,0,3,1,-38.18,144.34
"WEDDERBURN",10,0,3,0,-36.5,143.46
"WEEAPROINAH",1,0,1,0,-38.69,143.56
"WELSHMANS REEF",3,0,0,0,-37.11,144.1
"WELSHPOOL",3,0,1,0,-38.58,146.45
"WEMEN",1,0,1,0,-34.85,142.83
"WENDOUREE",30,1,12,2,-37.55,143.82
"WERRIBEE",96,3,43,5,-37.97,144.58
"WERRIBEE SOUTH",7,1,3,0,-37.97,144.58
"WERRIMULL",1,0,0,0,-34.29,142.15
"WESBURN",1,0,0,0,-37.76,145.75
"WEST FOOTSCRAY",14,1,7,0,-37.81,144.85
"WEST MELBOURNE",45,0,26,0,-37.81,144.94
"WEST WODONGA",3,1,0,0,-36.1,146.82
"WESTMEADOWS",8,1,2,1,-37.67,144.89
"WHEELERS HILL",20,1,9,2,-37.88,145.17
"WHITE HILLS",8,2,1,0,-36.76,144.28
"WHITFIELD",11,0,2,0,-36.75,146.41
"WHITLANDS",4,0,0,0,-36.52,146.5
"WHITTLESEA",15,2,6,1,-37.45,145.11
"WHOROULY",3,0,0,0,-36.52,146.58
"WHOROULY SOUTH",2,0,0,0,-36.52,146.58
"WILLAURA",6,0,1,0,-37.53,142.52
"WILLIAMS LANDING",8,0,6,0,-37.86,144.76
"WILLIAMSTOWN",101,2,40,2,-37.86,144.9
"WILLIAMSTOWN NORTH",2,0,0,0,-37.86,144.9
"WILLOW GROVE",3,0,2,0,-37.7,146.36
"WILLOWMAVIN",1,0,0,0,-37.31,144.89
"WILLUNG SOUTH",1,0,1,0,-38.26,146.75
"WINCHELSEA",10,0,1,0,-38.37,143.95
"WINDERMERE",1,0,0,0,-37.38,143.67
"WINDSOR",122,0,32,1,-37.85,144.99
"WINTON",1,0,1,0,-36.43,145.89
"WODONGA",81,4,32,3,-37.68,144.99
"WOLLERT",5,0,3,0,-38.38,144.81
"WONGA PARK",10,0,5,0,-37.74,145.27
"WONGARRA",1,0,0,0,-37.9,144.25
"WONTHAGGI",21,1,7,3,-38.53,145.45
"WOOD WOOD",1,0,1,0,-35.12,143.33
"WOODEND",33,0,17,0,-37.39,144.45
"WOODS POINT",1,0,0,0,-36.89,146.26
"WOODSIDE",2,0,0,0,-38.38,146.79
"WOODSIDE BEACH",1,0,0,0,-38.38,146.79
"WOOLAMAI",2,1,0,0,-38.53,145.45
"WOOLSTHORPE",2,0,0,0,-38.04,142.44
"WOOMELANG",3,0,0,0,-35.64,142.77
"WOORAGEE",3,0,0,0,-36.36,146.69
"WOORI YALLOCK",8,0,3,0,-37.8,145.54
"WOORINEN",2,0,0,0,-35.26,143.47
"WOORINEN SOUTH",1,0,1,0,-35.27,143.45
"WOORNDOO",1,0,0,0,-38.08,142.81
"WORLD TRADE CENTRE",4,0,0,0,-37.82,144.95
"WUNGHNU",2,0,1,0,-36.16,145.3
"WURRUK",4,0,1,0,-38.42,147.08
"WY YUNG",2,0,0,0,-37.83,147.63
"WYCHEPROOF",8,0,1,0,-36.06,143.39
"WYE RIVER",4,1,1,0,-37.9,144.25
"WYNDHAM VALE",2,0,2,0,-37.9,144.56
"YAAPEET",1,0,0,0,-35.69,141.97
"YACKANDANDAH",13,0,3,0,-36.41,146.86
"YALLAMBIE",1,1,0,0,-37.73,145.07
"YALLOURN",1,0,0,0,-37.7,146.36
"YALLOURN NORTH",5,0,1,0,-37.7,146.36
"YAMBUK",1,0,0,0,-38.27,141.97
"YAN YEAN",1,0,1,0,-37.57,145.14
"YANAKIE",2,0,2,0,-38.67,146.27
"YANDOIT",1,0,0,0,-37.39,144.22
"YARCK",4,0,2,0,-37.01,145.62
"YARRA GLEN",42,1,10,0,-37.65,145.32
"YARRA JUNCTION",15,3,4,1,-37.86,145.71
"YARRAGON",14,0,7,0,-38.26,146.03
"YARRAGON SOUTH",1,0,0,0,-38.26,146.03
"YARRAM",15,1,4,1,-38.61,146.67
"YARRAMBAT",10,1,1,0,-37.64,145.13
"YARRAVILLE",80,3,36,2,-37.82,144.89
"YARRAWONGA",34,2,11,0,-36.03,146.08
"YARROWEYAH",2,0,0,0,-35.91,145.69
"YEA",20,1,5,0,-37.34,145.29
"YELLINGBO",2,0,1,0,-37.8,145.54
"YERING",14,0,1,0,-37.72,145.38
"YINNAR",6,1,0,0,-38.4,146.42
"YUROKE",3,0,0,0,-37.63,144.84
